nitrogen,phosphorus,potassium,temperature,humidity,ph,rainfall
90,42,43,20.87974371,82.00274423,6.502985292000001,202.9355362